{
  "accuracy": [
    0.5974355936050415,
    0.7342897057533264,
    0.7697092890739441,
    0.7944648861885071,
    0.8216326236724854,
    0.8534975051879883,
    0.8884093165397644,
    0.9155769944190979,
    0.9308112263679504,
    0.9377935528755188,
    0.9438872933387756,
    0.9487114548683167,
    0.9542973041534424,
    0.9591214656829834,
    0.9640726447105408,
    0.9677542448043823,
    0.9727053642272949,
    0.9762600064277649,
    0.978799045085907,
    0.9828615188598633,
    0.9856544137001038,
    0.9879395961761475,
    0.9893360137939453,
    0.9914942383766174,
    0.9921289682388306,
    0.9930176734924316,
    0.99327152967453,
    0.9942871928215027,
    0.9942871928215027,
    0.9946680068969727,
    0.995175838470459,
    0.9953027963638306,
    0.9955567121505737,
    0.9958105683326721,
    0.9959375262260437,
    0.9959375262260437,
    0.9960644841194153,
    0.9961914420127869,
    0.9961914420127869,
    0.9963183999061584,
    0.99644535779953,
    0.99644535779953,
    0.99644535779953,
    0.9965723156929016,
    0.9965723156929016,
    0.9966992735862732,
    0.9966992735862732,
    0.9966992735862732,
    0.9968262314796448,
    0.9968262314796448,
    0.9968262314796448,
    0.9968262314796448,
    0.9968262314796448,
    0.9968262314796448,
    0.9968262314796448,
    0.9969531297683716,
    0.9969531297683716,
    0.9969531297683716,
    0.9969531297683716,
    0.9970800876617432,
    0.9970800876617432,
    0.9970800876617432,
    0.9972070455551147,
    0.9972070455551147,
    0.9972070455551147,
    0.9973340034484863,
    0.9973340034484863,
    0.9973340034484863,
    0.9974609613418579,
    0.9974609613418579,
    0.9974609613418579,
    0.9974609613418579,
    0.9974609613418579,
    0.9974609613418579,
    0.9974609613418579,
    0.9974609613418579,
    0.9974609613418579,
    0.9974609613418579,
    0.9974609613418579,
    0.9975879192352295,
    0.9975879192352295,
    0.9975879192352295,
    0.9975879192352295,
    0.9975879192352295,
    0.9975879192352295,
    0.9975879192352295,
    0.9975879192352295,
    0.9975879192352295,
    0.9975879192352295,
    0.9975879192352295,
    0.9975879192352295,
    0.9975879192352295,
    0.9975879192352295,
    0.9975879192352295,
    0.9975879192352295,
    0.9975879192352295,
    0.9975879192352295,
    0.9975879192352295,
    0.9975879192352295,
    0.9975879192352295
  ],
  "loss": [
    0.607640266418457,
    0.40663525462150574,
    0.3392757475376129,
    0.2997693717479706,
    0.2653118073940277,
    0.23221814632415771,
    0.20086343586444855,
    0.17288225889205933,
    0.1493014395236969,
    0.13013139367103577,
    0.11468959599733353,
    0.10212447494268417,
    0.09171544760465622,
    0.08291979134082794,
    0.0753554031252861,
    0.06875279545783997,
    0.0629323273897171,
    0.057760708034038544,
    0.05314429849386215,
    0.04900791123509407,
    0.045291606336832047,
    0.041948650032281876,
    0.03893793001770973,
    0.03622254356741905,
    0.03377290815114975,
    0.03156067430973053,
    0.029560836032032967,
    0.027752457186579704,
    0.026115305721759796,
    0.024631870910525322,
    0.023286104202270508,
    0.022066611796617508,
    0.02095801942050457,
    0.019949616864323616,
    0.0190337672829628,
    0.018197590485215187,
    0.017437461763620377,
    0.016742564737796783,
    0.016107019037008286,
    0.015526782721281052,
    0.014995778910815716,
    0.014509397558867931,
    0.014063285663723946,
    0.013653798028826714,
    0.013277672231197357,
    0.01293127704411745,
    0.012612245976924896,
    0.012317869812250137,
    0.0120458472520113,
    0.011794369667768478,
    0.011561552993953228,
    0.011345439590513706,
    0.011144902557134628,
    0.010959395207464695,
    0.010785291902720928,
    0.010624612681567669,
    0.010473128408193588,
    0.010332857258617878,
    0.010200071148574352,
    0.01007719337940216,
    0.009961013682186604,
    0.009851242415606976,
    0.00974947214126587,
    0.009652924723923206,
    0.009562092833220959,
    0.00947579089552164,
    0.00939556211233139,
    0.009319071657955647,
    0.009246713481843472,
    0.009177579544484615,
    0.00911329872906208,
    0.00905171874910593,
    0.008993248455226421,
    0.00893708597868681,
    0.00888483040034771,
    0.008834515698254108,
    0.008787083439528942,
    0.008740969002246857,
    0.008697884157299995,
    0.008655786514282227,
    0.008616567589342594,
    0.008578023873269558,
    0.008542146533727646,
    0.008506912738084793,
    0.008474108763039112,
    0.00844205915927887,
    0.008411107584834099,
    0.008382259868085384,
    0.008353985846042633,
    0.008326581679284573,
    0.008300975896418095,
    0.008275859989225864,
    0.008251779712736607,
    0.008228552527725697,
    0.008205938152968884,
    0.008184798993170261,
    0.008164085447788239,
    0.008144107647240162,
    0.00812492799013853,
    0.00810632761567831
  ],
  "val_accuracy": [
    0.7123287916183472,
    0.7465753555297852,
    0.7728310227394104,
    0.793379008769989,
    0.8207762837409973,
    0.8675799369812012,
    0.9006849527359009,
    0.9189497828483582,
    0.9292237162590027,
    0.9406392574310303,
    0.948630154132843,
    0.9589040875434875,
    0.9623287916183472,
    0.9646118879318237,
    0.965753436088562,
    0.9703196287155151,
    0.9748858213424683,
    0.982876718044281,
    0.9840182662010193,
    0.9874429106712341,
    0.9897260069847107,
    0.9897260069847107,
    0.9920091032981873,
    0.9954338073730469,
    0.9954338073730469,
    0.9954338073730469,
    0.9965753555297852,
    0.9965753555297852,
    0.9965753555297852,
    0.9965753555297852,
    0.9977169036865234,
    0.9977169036865234,
    0.9988584518432617,
    0.9988584518432617,
    0.9988584518432617,
    0.9988584518432617,
    0.9988584518432617,
    0.9988584518432617,
    0.9988584518432617,
    0.9988584518432617,
    0.9988584518432617,
    0.9988584518432617,
    0.9988584518432617,
    0.9988584518432617,
    0.9988584518432617,
    0.9988584518432617,
    0.9988584518432617,
    0.9988584518432617,
    0.9988584518432617,
    0.9988584518432617,
    0.9988584518432617,
    0.9988584518432617,
    0.9988584518432617,
    0.9988584518432617,
    0.9988584518432617,
    0.9988584518432617,
    0.9988584518432617,
    0.9988584518432617,
    0.9988584518432617,
    0.9988584518432617,
    0.9988584518432617,
    0.9988584518432617,
    0.9988584518432617,
    0.9988584518432617,
    0.9988584518432617,
    0.9988584518432617,
    0.9988584518432617,
    0.9988584518432617,
    0.9988584518432617,
    0.9988584518432617,
    0.9988584518432617,
    0.9988584518432617,
    0.9988584518432617,
    0.9988584518432617,
    0.9988584518432617,
    0.9988584518432617,
    0.9988584518432617,
    0.9988584518432617,
    0.9988584518432617,
    0.9988584518432617,
    0.9988584518432617,
    0.9988584518432617,
    0.9988584518432617,
    0.9988584518432617,
    0.9988584518432617,
    0.9988584518432617,
    0.9988584518432617,
    0.9988584518432617,
    0.9988584518432617,
    0.9988584518432617,
    0.9988584518432617,
    0.9988584518432617,
    0.9988584518432617,
    0.9988584518432617,
    0.9988584518432617,
    0.9988584518432617,
    0.9988584518432617,
    0.9988584518432617,
    0.9988584518432617,
    0.9988584518432617
  ],